print,print
printed,print
prints,print
pattern,print
patterned,print
graphic,print
emboss,emboss
embossed,emboss
cloqu√©,emboss
woven,woven
weave,woven
weaved,woven
wicker,woven
wickered,woven
embroidery,woven
embroidered,woven
ditsy,ditsy
exotic,exotic
mix,exotic
mixture,exotic
floral,floral
logo,logo
brand,logo
branded,logo
signature,logo
paisley,paisley
plaid,plaid
checkered,plaid
check,plaid
flannel,plaid
polka dot,polka dot
polkadot,polka dot
dots,polka dot
spot,polka dot
spotted,polka dot
circle,circle
circles,circle
geometric,circle
quilt,quilt
quilted,quilt
quilting,quilt
tie dye,tie dye
tie dyed,tie dye
tropical,tropical
hawaiian,tropical
hawaii,tropical
tiger,leopard
lion,leopard
panther,leopard
leopard,leopard
cheetah,leopard
zebra,zebra
snake,snake
snakeskin,snake
python,snake
croc,snake
alligator,snake
zig zag,zigzag
zig-zag,zigzag
zigzag,zigzag
chevron,zigzag
feather,feather
feathers,feather
tribal,tribal
lace,lace
crochete,lace
crocheted,lace
